{
    "minLevel": 1,
    "maxLevel": 11,
    "leftTop": [73.532896, 53.569074],
    "rightBottom": [135.102925, 3.747512],
    "style": "pl",
    "path": "E:\bdtiles"
}
